{
  "female": {
    "a": {
      "RUN_50": 3.64800,
      "RUN_75": 3.99800,
      "RUN_100": 4.00620,
      "RUN_800": 2.02320,
      "RUN_2000": 1.80000,
      "RUN_3000": 1.75000,
      "HIGH_JUMP": 0.88070,
      "LONG_JUMP": 1.09350,
      "SHOT_PUT": 1.27900,
      "SLING_BALL": 1.08500,
      "BALL_THROWING_200": 1.41490,
      "BALL_THROWING_80": 2.02320
    },
    "c": {
      "RUN_50": 0.00660,
      "RUN_75": 0.00660,
      "RUN_100": 0.00656,
      "RUN_800": 0.00647,
      "RUN_2000": 0.00540,
      "RUN_3000": 0.00500,
      "HIGH_JUMP": 0.00068,
      "LONG_JUMP": 0.00208,
      "SHOT_PUT": 0.00398,
      "SLING_BALL": 0.00921,
      "BALL_THROWING_200": 0.01039,
      "BALL_THROWING_80": 0.00874
    }
  },
  "male": {
    "a": {
      "RUN_50": 3.79000,
      "RUN_75": 4.10000,
      "RUN_100": 4.34100,
      "RUN_800": 2.15800,
      "RUN_2000": 1.78400,
      "RUN_3000": 1.70000,
      "HIGH_JUMP": 0.84100,
      "LONG_JUMP": 1.15028,
      "SHOT_PUT": 1.42500,
      "SLING_BALL": 1.59500,
      "BALL_THROWING_200": 1.93600,
      "BALL_THROWING_80": 2.80000
    },
    "c": {
      "RUN_50": 0.00690,
      "RUN_75": 0.00664,
      "RUN_100": 0.00676,
      "RUN_800": 0.00600,
      "RUN_2000": 0.00600,
      "RUN_3000": 0.00580,
      "HIGH_JUMP": 0.00080,
      "LONG_JUMP": 0.00219,
      "SHOT_PUT": 0.00370,
      "SLING_BALL": 0.009125,
      "BALL_THROWING_200": 0.01240,
      "BALL_THROWING_80": 0.01100
    }
  }
}